Walk In,987654321,Sample Address,City,Region,USA,1234,walkin@example.com,1,ABC Company,TAXID123,Shipping_Name,987654321,ship_kin@example.com,shipping_address,ship_city,ship_region,ship_country,ship_pobox
 test customer,,"hgyhfhh,,",narowal,sa,USA,1234,walkin@example.com,2,ABC Company,,,,,,,,,
 gg,,"fadsf,fadsf,fadsf",narowal,a,USA,1234,walkin@example.com,3,ABC Company,,,,,,,,,
 raju,,,narowal,a,USA,1234,walkin@example.com,4,ABC Company,,,,,,,,,
 darom,,"pp,pp,pp",narowal,a,USA,1234,walkin@example.com,5,ABC Company,,,,,,,,,
 Gabriele Vautier,,"07898 Nancy Junction,Fort Smith,United States",narowal,a,USA,1234,walkin@example.com,6,ABC Company,,,,,,,,,
 Shaine O'Scully,,"7 Moose Plaza,Grand Rapids,United States",narowal,a,USA,1234,walkin@example.com,7,ABC Company,,,,,,,,,
 Stillmann Everex,,"7619 Myrtle Hill,New Haven,United States",narowal,a,USA,1234,walkin@example.com,8,ABC Company,,,,,,,,,
 Corena Christauffour,,"6786 Crescent Oaks Hill,Waterbury,United States",narowal,a,USA,1234,walkin@example.com,9,ABC Company,,,,,,,,,
 Duky Adolfsen,,"8158 Truax Alley,Phoenix,United States",narowal,a,USA,1234,walkin@example.com,11,ABC Company,,,,,,,,,
 Averil Hancox,,"6361 Loomis Court,Sacramento,United States",narowal,a,USA,1234,walkin@example.com,12,ABC Company,,,,,,,,,
